{
  "seed": 123,
  "target_size": 50,
  "actual_size": 49,
  "num_edges": 48,
  "nodes": [
    "10010520",
    "10010520.10010521",
    "10010520.10010521.10010522",
    "10010520.10010521.10010522.10010523",
    "10010520.10010521.10010522.10010524",
    "10010520.10010521.10010522.10010525",
    "10010520.10010521.10010522.10010526",
    "10010520.10010521.10010522.10010527",
    "10010520.10010521.10010528",
    "10010520.10010521.10010528.10010529",
    "10010520.10010521.10010528.10010530",
    "10010520.10010521.10010528.10010531",
    "10010520.10010521.10010528.10010532",
    "10010520.10010521.10010528.10010533",
    "10010520.10010521.10010528.10010534",
    "10010520.10010521.10010528.10010535",
    "10010520.10010521.10010528.10010536",
    "10010520.10010521.10010537",
    "10010520.10010521.10010542",
    "10010520.10010521.10010542.10010543",
    "10010520.10010521.10010542.10010544",
    "10010520.10010521.10010542.10010546",
    "10010520.10010521.10010542.10010548",
    "10010520.10010521.10010542.10010549",
    "10010520.10010521.10010542.10010550",
    "10010520.10010521.10010542.10010551",
    "10010520.10010521.10010542.10011713",
    "10010520.10010521.10010542.10011714",
    "10010520.10010553",
    "10010520.10010553.10010554",
    "10010520.10010553.10010554.10010555",
    "10010520.10010553.10010554.10010556",
    "10010520.10010553.10010554.10010557",
    "10010520.10010553.10010554.10010558",
    "10010520.10010553.10010562",
    "10010520.10010553.10010562.10010561",
    "10010520.10010553.10010562.10010563",
    "10010520.10010570",
    "10010520.10010570.10010571",
    "10010520.10010570.10010572",
    "10010520.10010570.10010573",
    "10010520.10010570.10010574",
    "10010520.10010575",
    "10010520.10010575.10010578",
    "10010520.10010575.10010579",
    "10010520.10010575.10010580",
    "10010520.10010575.10010581",
    "10010520.10010575.10011743",
    "ccs2012"
  ],
  "edges": [
    [
      "10010520.10010521.10010522.10010526",
      "10010520.10010521.10010522"
    ],
    [
      "10010520.10010521.10010542",
      "10010520.10010521"
    ],
    [
      "10010520.10010521.10010542.10010543",
      "10010520.10010521.10010542"
    ],
    [
      "10010520.10010521.10010542.10011714",
      "10010520.10010521.10010542"
    ],
    [
      "10010520.10010521.10010528.10010529",
      "10010520.10010521.10010528"
    ],
    [
      "10010520.10010521.10010522.10010525",
      "10010520.10010521.10010522"
    ],
    [
      "10010520.10010521.10010522.10010527",
      "10010520.10010521.10010522"
    ],
    [
      "10010520.10010521.10010528.10010530",
      "10010520.10010521.10010528"
    ],
    [
      "10010520.10010575.10010579",
      "10010520.10010575"
    ],
    [
      "10010520.10010575.10010580",
      "10010520.10010575"
    ],
    [
      "10010520.10010521.10010528.10010533",
      "10010520.10010521.10010528"
    ],
    [
      "10010520.10010553.10010554.10010558",
      "10010520.10010553.10010554"
    ],
    [
      "10010520.10010521.10010522.10010524",
      "10010520.10010521.10010522"
    ],
    [
      "10010520.10010521.10010528.10010534",
      "10010520.10010521.10010528"
    ],
    [
      "10010520.10010570.10010573",
      "10010520.10010570"
    ],
    [
      "10010520.10010553.10010562.10010563",
      "10010520.10010553.10010562"
    ],
    [
      "10010520.10010521.10010542.10010544",
      "10010520.10010521.10010542"
    ],
    [
      "10010520.10010570.10010574",
      "10010520.10010570"
    ],
    [
      "10010520.10010521",
      "10010520"
    ],
    [
      "10010520.10010575",
      "10010520"
    ],
    [
      "10010520.10010570",
      "10010520"
    ],
    [
      "10010520.10010521.10010542.10010551",
      "10010520.10010521.10010542"
    ],
    [
      "10010520.10010521.10010528.10010532",
      "10010520.10010521.10010528"
    ],
    [
      "10010520.10010553",
      "10010520"
    ],
    [
      "10010520.10010521.10010528.10010536",
      "10010520.10010521.10010528"
    ],
    [
      "10010520.10010521.10010542.10010548",
      "10010520.10010521.10010542"
    ],
    [
      "10010520.10010521.10010542.10011713",
      "10010520.10010521.10010542"
    ],
    [
      "10010520.10010521.10010522",
      "10010520.10010521"
    ],
    [
      "10010520",
      "ccs2012"
    ],
    [
      "10010520.10010521.10010537",
      "10010520.10010521"
    ],
    [
      "10010520.10010553.10010562",
      "10010520.10010553"
    ],
    [
      "10010520.10010521.10010528.10010531",
      "10010520.10010521.10010528"
    ],
    [
      "10010520.10010521.10010542.10010546",
      "10010520.10010521.10010542"
    ],
    [
      "10010520.10010575.10010578",
      "10010520.10010575"
    ],
    [
      "10010520.10010570.10010572",
      "10010520.10010570"
    ],
    [
      "10010520.10010521.10010528.10010535",
      "10010520.10010521.10010528"
    ],
    [
      "10010520.10010575.10010581",
      "10010520.10010575"
    ],
    [
      "10010520.10010553.10010554.10010555",
      "10010520.10010553.10010554"
    ],
    [
      "10010520.10010570.10010571",
      "10010520.10010570"
    ],
    [
      "10010520.10010575.10011743",
      "10010520.10010575"
    ],
    [
      "10010520.10010553.10010562.10010561",
      "10010520.10010553.10010562"
    ],
    [
      "10010520.10010553.10010554.10010556",
      "10010520.10010553.10010554"
    ],
    [
      "10010520.10010553.10010554",
      "10010520.10010553"
    ],
    [
      "10010520.10010521.10010542.10010549",
      "10010520.10010521.10010542"
    ],
    [
      "10010520.10010521.10010522.10010523",
      "10010520.10010521.10010522"
    ],
    [
      "10010520.10010553.10010554.10010557",
      "10010520.10010553.10010554"
    ],
    [
      "10010520.10010521.10010528",
      "10010520.10010521"
    ],
    [
      "10010520.10010521.10010542.10010550",
      "10010520.10010521.10010542"
    ]
  ]
}